round,loss
1,(1, 1.799693697246153)
2,(2, 1.7980368987837834)
3,(3, 1.7964194497065757)
